<?xml version="1.0" encoding="UTF-8"?>
<xs:schema xmlns:xs="http://www.w3.org/2001/XMLSchema">

  <xs:element name="book">
    <xs:complexType>
      <xs:sequence>
        <xs:element name="title" type="xs:string"/>
        <xs:element name="author" type="xs:string"/>
        <xs:element name="year" type="xs:integer"/>
        <xs:element name="publisher" type="xs:string"/>
        <xs:element name="price" type="xs:decimal"/>
      </xs:sequence>
    </xs:complexType>
  </xs:element>

</xs:schema>
